Date,Adj Close,Prediction
2016-01-04,36.89894104003906,37.8475227355957
2016-01-05,37.029476165771484,37.95195388793945
2016-01-06,36.82931900024414,38.09120559692383
2016-01-07,36.22014236450195,38.239131927490234
2016-01-08,36.12440490722656,38.021575927734375
2016-01-11,36.185333251953125,38.21302795410156
2016-01-12,36.655269622802734,38.43059539794922
2016-01-13,36.4202995300293,37.54293441772461
2016-01-14,36.446414947509766,37.53422927856445
2016-01-15,36.11570358276367,38.021575927734375
2016-01-19,36.4812126159668,38.09120559692383
2016-01-20,36.01128005981445,38.25653076171875
2016-01-21,36.01998519897461,38.387088775634766
2016-01-22,36.60305404663086,38.30006408691406
2016-01-25,36.6900749206543,38.56983184814453
2016-01-26,36.62045669555664,38.99626159667969
2016-01-27,36.62916564941406,39.36177062988281
2016-01-28,37.0468864440918,39.64242172241211
2016-01-29,37.35147476196289,39.72136306762695
2016-02-01,37.421104431152344,39.677513122558594
2016-02-02,36.933746337890625,39.51087188720703
2016-02-03,37.177425384521484,40.1423454284668
2016-02-04,37.012081146240234,39.99323654174805
2016-02-05,36.933746337890625,40.05463409423828
2016-02-08,37.11650848388672,39.905540466308594
2016-02-09,37.68217086791992,39.87045669555664
2016-02-10,37.029476165771484,39.9757080078125
2016-02-11,36.907649993896484,40.16864776611328
2016-02-12,37.51683044433594,40.76504898071289
2016-02-16,37.7343864440918,40.85274887084961
2016-02-17,37.8475227355957,40.68611145019531
2016-02-18,37.95195388793945,41.072017669677734
2016-02-19,38.09120559692383,41.124629974365234
2016-02-22,38.239131927490234,40.808895111083984
2016-02-23,38.021575927734375,40.966758728027344
2016-02-24,38.21302795410156,40.6598014831543
2016-02-25,38.43059539794922,41.10708999633789
2016-02-26,37.54293441772461,40.72996139526367
2016-02-29,37.53422927856445,40.91413879394531
2016-03-01,38.021575927734375,40.379146575927734
2016-03-02,38.09120559692383,40.19496154785156
2016-03-03,38.25653076171875,40.4317741394043
2016-03-04,38.387088775634766,40.53701400756836
2016-03-07,38.30006408691406,40.87028503417969
2016-03-08,38.56983184814453,38.91447830200195
2016-03-09,38.99626159667969,38.29177474975586
2016-03-10,39.36177062988281,39.06357955932617
2016-03-11,39.64242172241211,39.21267318725586
2016-03-14,39.72136306762695,39.05480194091797
2016-03-15,39.677513122558594,39.18636703491211
2016-03-16,39.51087188720703,39.14251708984375
2016-03-17,40.1423454284668,39.29160690307617
2016-03-18,39.99323654174805,39.44947052001953
2016-03-21,40.05463409423828,39.326690673828125
2016-03-22,39.905540466308594,39.44947052001953
2016-03-23,39.87045669555664,39.51964569091797
2016-03-24,39.9757080078125,39.747676849365234
2016-03-28,40.16864776611328,39.677513122558594
2016-03-29,40.76504898071289,40.12479782104492
2016-03-30,40.85274887084961,39.87045669555664
2016-03-31,40.68611145019531,40.19496154785156
2016-04-01,41.072017669677734,39.77397918701172
2016-04-04,41.124629974365234,40.01078796386719
2016-04-05,40.808895111083984,39.24776077270508
2016-04-06,40.966758728027344,39.01095199584961
2016-04-07,40.6598014831543,38.87062454223633
2016-04-08,41.10708999633789,38.54612731933594
2016-04-11,40.72996139526367,38.56365966796875
2016-04-12,40.91413879394531,38.91447830200195
2016-04-13,40.379146575927734,38.923255920410156
2016-04-14,40.19496154785156,39.19512939453125
2016-04-15,40.4317741394043,39.274070739746094
2016-04-18,40.53701400756836,39.11619567871094
2016-04-19,40.87028503417969,39.20391082763672
2016-04-20,38.91447830200195,39.22145080566406
2016-04-21,38.29177474975586,39.50210189819336
2016-04-22,39.06357955932617,39.79153060913086
2016-04-25,39.21267318725586,39.747676849365234
2016-04-26,39.05480194091797,39.94939041137695
2016-04-27,39.18636703491211,40.13357162475586
2016-04-28,39.14251708984375,40.335289001464844
2016-04-29,39.29160690307617,39.87572479248047
2016-05-02,39.44947052001953,39.805030822753906
2016-05-03,39.326690673828125,39.77851486206055
2016-05-04,39.44947052001953,40.04364776611328
2016-05-05,39.51964569091797,39.58408737182617
2016-05-06,39.747676849365234,39.75199508666992
2016-05-09,39.677513122558594,39.88457107543945
2016-05-10,40.12479782104492,39.64595031738281
2016-05-11,39.87045669555664,39.84038543701172
2016-05-12,40.19496154785156,38.82404327392578
2016-05-13,39.77397918701172,38.69147491455078
2016-05-16,40.01078796386719,39.044986724853516
2016-05-17,39.24776077270508,39.27476501464844
2016-05-18,39.01095199584961,40.06132125854492
2016-05-19,38.87062454223633,39.87572479248047
2016-05-20,38.54612731933594,40.14970397949219
2016-05-23,38.56365966796875,40.0082893371582
2016-05-24,38.91447830200195,39.84921646118164
2016-05-25,38.923255920410156,40.10551452636719
2016-05-26,39.19512939453125,40.27342987060547
2016-05-27,39.274070739746094,40.28227233886719
2016-05-31,39.11619567871094,40.42367172241211
2016-06-01,39.20391082763672,40.37947082519531
2016-06-02,39.22145080566406,40.326454162597656
2016-06-03,39.50210189819336,40.326454162597656
2016-06-06,39.79153060913086,40.326454162597656
2016-06-07,39.747676849365234,40.22039794921875
2016-06-08,39.94939041137695,40.16738510131836
2016-06-09,40.13357162475586,40.503204345703125
2016-06-10,40.335289001464844,40.27342987060547
2016-06-13,39.87572479248047,39.66362380981445
2016-06-14,39.805030822753906,38.35565185546875
2016-06-15,39.77851486206055,38.57658004760742
2016-06-16,40.04364776611328,38.55891036987305
2016-06-17,39.58408737182617,38.39983367919922
2016-06-20,39.75199508666992,38.47052764892578
2016-06-21,39.88457107543945,38.567752838134766
2016-06-22,39.64595031738281,38.452850341796875
2016-06-23,39.84038543701172,38.42634963989258
2016-06-24,38.82404327392578,38.390995025634766
2016-06-27,38.69147491455078,38.417510986328125
2016-06-28,39.044986724853516,38.541236877441406
2016-06-29,39.27476501464844,38.66496658325195
2016-06-30,40.06132125854492,38.912418365478516
2016-07-01,39.87572479248047,39.0980110168457
2016-07-05,40.14970397949219,38.73566818237305
2016-07-06,40.0082893371582,38.938941955566406
2016-07-07,39.84921646118164,38.97428512573242
2016-07-08,40.10551452636719,38.81520462036133
2016-07-11,40.27342987060547,38.656131744384766
2016-07-12,40.28227233886719,38.75334167480469
2016-07-13,40.42367172241211,38.75334167480469
2016-07-14,40.37947082519531,38.59426498413086
2016-07-15,40.326454162597656,38.284942626953125
2016-07-18,40.326454162597656,38.47937774658203
2016-07-19,40.326454162597656,38.21424102783203
2016-07-20,40.22039794921875,38.382164001464844
2016-07-21,40.16738510131836,38.311458587646484
2016-07-22,40.503204345703125,38.58542251586914
2016-07-25,40.27342987060547,38.700313568115234
2016-07-26,39.66362380981445,38.567752838134766
2016-07-27,38.35565185546875,38.55891036987305
2016-07-28,38.57658004760742,37.35697937011719
2016-07-29,38.55891036987305,38.17005920410156
2016-08-01,38.39983367919922,37.67110061645508
2016-08-02,38.47052764892578,37.51962661743164
2016-08-03,38.567752838134766,37.742374420166016
2016-08-04,38.452850341796875,37.546356201171875
2016-08-05,38.42634963989258,37.51072311401367
2016-08-08,38.390995025634766,37.72455978393555
2016-08-09,38.417510986328125,37.89384841918945
2016-08-10,38.541236877441406,38.2769660949707
2016-08-11,38.66496658325195,38.08095169067383
2016-08-12,38.912418365478516,37.46616744995117
2016-08-15,39.0980110168457,37.947303771972656
2016-08-16,38.73566818237305,37.55527114868164
2016-08-17,38.938941955566406,37.44834518432617
2016-08-18,38.97428512573242,37.70673751831055
2016-08-19,38.81520462036133,37.44834518432617
2016-08-22,38.656131744384766,37.27906799316406
2016-08-23,38.75334167480469,37.25233840942383
2016-08-24,38.75334167480469,37.16322708129883
2016-08-25,38.59426498413086,37.18105697631836
2016-08-26,38.284942626953125,37.18105697631836
2016-08-29,38.47937774658203,37.01176452636719
2016-08-30,38.21424102783203,37.22560119628906
2016-08-31,38.382164001464844,37.207786560058594
2016-09-01,38.311458587646484,37.127593994140625
2016-09-02,38.58542251586914,37.06522750854492
2016-09-06,38.700313568115234,37.394901275634766
2016-09-07,38.567752838134766,37.46616744995117
2016-09-08,38.55891036987305,37.359249114990234
2016-09-09,37.35697937011719,37.53744888305664
2016-09-12,38.17005920410156,37.92057418823242
2016-09-13,37.67110061645508,37.90275192260742
2016-09-14,37.51962661743164,37.81365203857422
2016-09-15,37.742374420166016,37.528541564941406
2016-09-16,37.546356201171875,37.62654495239258
2016-09-19,37.51072311401367,37.778018951416016
2016-09-20,37.72455978393555,37.528541564941406
2016-09-21,37.89384841918945,37.46616744995117
2016-09-22,38.2769660949707,37.44834518432617
2016-09-23,38.08095169067383,37.14541244506836
2016-09-26,37.46616744995117,37.831478118896484
2016-09-27,37.947303771972656,38.2056884765625
2016-09-28,37.55527114868164,37.66218948364258
2016-09-29,37.44834518432617,36.477169036865234
2016-09-30,37.70673751831055,36.55735778808594
2016-10-03,37.44834518432617,36.68210220336914
2016-10-04,37.27906799316406,36.922672271728516
2016-10-05,37.25233840942383,36.76228332519531
2016-10-06,37.16322708129883,36.63754653930664
2016-10-07,37.18105697631836,36.450439453125
2016-10-10,37.18105697631836,36.85138702392578
2016-10-11,37.01176452636719,36.86029815673828
2016-10-12,37.22560119628906,36.63754653930664
2016-10-13,37.207786560058594,37.00285720825195
2016-10-14,37.127593994140625,37.19887161254883
2016-10-17,37.06522750854492,36.974239349365234
2016-10-18,37.394901275634766,36.25542068481445
2016-10-19,37.46616744995117,36.09367752075195
2016-10-20,37.359249114990234,36.264404296875
2016-10-21,37.53744888305664,36.498023986816406
2016-10-24,37.92057418823242,36.45309829711914
2016-10-25,37.90275192260742,37.10003662109375
2016-10-26,37.81365203857422,36.82149124145508
2016-10-27,37.528541564941406,37.73798751831055
2016-10-28,37.62654495239258,37.648136138916016
2016-10-31,37.778018951416016,37.522342681884766
2016-11-01,37.528541564941406,37.02814483642578
2016-11-02,37.46616744995117,37.33364486694336
2016-11-03,37.44834518432617,37.504371643066406
2016-11-04,37.14541244506836,37.44147491455078
2016-11-07,37.831478118896484,37.4324951171875
2016-11-08,38.2056884765625,37.351619720458984
2016-11-09,37.66218948364258,37.33364486694336
2016-11-10,36.477169036865234,37.37858200073242
2016-11-11,36.55735778808594,37.3875617980957
2016-11-14,36.68210220336914,37.18988800048828
2016-11-15,36.922672271728516,37.37858200073242
2016-11-16,36.76228332519531,37.252777099609375
2016-11-17,36.63754653930664,37.55828094482422
2016-11-18,36.450439453125,37.42350387573242
2016-11-21,36.85138702392578,37.51335525512695
2016-11-22,36.86029815673828,37.504371643066406
2016-11-23,36.63754653930664,37.12698745727539
2016-11-25,37.00285720825195,36.875404357910156
2016-11-28,37.19887161254883,36.88439178466797
2016-11-29,36.974239349365234,36.79454040527344
2016-11-30,36.25542068481445,36.73163986206055
2016-12-01,36.09367752075195,37.03714370727539
2016-12-02,36.264404296875,37.10003662109375
2016-12-05,36.498023986816406,36.96525192260742
2016-12-06,36.45309829711914,37.12698745727539
2016-12-07,37.10003662109375,37.225826263427734
2016-12-08,36.82149124145508,37.648136138916016
2016-12-09,37.73798751831055,37.84580993652344
2016-12-12,37.648136138916016,37.5672721862793
2016-12-13,37.522342681884766,37.24380111694336
2016-12-14,37.02814483642578,37.180904388427734
2016-12-15,37.33364486694336,37.351619720458984
2016-12-16,37.504371643066406,37.07307434082031
2016-12-19,37.44147491455078,37.19887924194336
2016-12-20,37.4324951171875,37.32466506958008
2016-12-21,37.351619720458984,37.34263229370117
2016-12-22,37.33364486694336,37.648136138916016
2016-12-23,37.37858200073242,37.75596618652344
2016-12-27,37.3875617980957,37.0640869140625
2016-12-28,37.18988800048828,36.46208190917969
2016-12-29,37.37858200073242,36.498023986816406
2016-12-30,37.252777099609375,36.41716003417969
2017-01-03,37.55828094482422,36.33628845214844
2017-01-04,37.42350387573242,37.01917266845703
2017-01-05,37.51335525512695,37.04611587524414
2017-01-06,37.504371643066406,37.252777099609375
2017-01-09,37.12698745727539,37.37858200073242
2017-01-10,36.875404357910156,37.4324951171875
2017-01-11,36.88439178466797,37.54030990600586
2017-01-12,36.79454040527344,37.44147491455078
2017-01-13,36.73163986206055,37.70204544067383
2017-01-17,37.03714370727539,37.881744384765625
2017-01-18,37.10003662109375,38.16029739379883
2017-01-19,36.96525192260742,38.16927719116211
2017-01-20,37.12698745727539,37.89971923828125
2017-01-23,37.225826263427734,37.72900390625
2017-01-24,37.648136138916016,37.72900390625
2017-01-25,37.84580993652344,37.76493835449219
2017-01-26,37.5672721862793,37.998558044433594
2017-01-27,37.24380111694336,38.098270416259766
2017-01-30,37.180904388427734,38.04388427734375
2017-01-31,37.351619720458984,38.17985534667969
2017-02-01,37.07307434082031,38.29768753051758
2017-02-02,37.19887924194336,38.098270416259766
2017-02-03,37.32466506958008,38.234230041503906
2017-02-06,37.34263229370117,38.5243034362793
2017-02-07,37.648136138916016,38.41553497314453
2017-02-08,37.75596618652344,38.22517013549805
2017-02-09,37.0640869140625,38.17985534667969
2017-02-10,36.46208190917969,38.36114501953125
2017-02-13,36.498023986816406,38.460853576660156
2017-02-14,36.41716003417969,38.4517822265625
2017-02-15,36.33628845214844,38.61494064331055
2017-02-16,37.01917266845703,38.46990966796875
2017-02-17,37.04611587524414,38.44272232055664
2017-02-21,37.252777099609375,38.68746566772461
2017-02-22,37.37858200073242,38.58775329589844
2017-02-23,37.4324951171875,38.678401947021484
2017-02-24,37.54030990600586,38.62401580810547
2017-02-27,37.44147491455078,38.696529388427734
2017-02-28,37.70204544067383,38.66933822631836
2017-03-01,37.881744384765625,38.92313766479492
2017-03-02,38.16029739379883,38.787174224853516
2017-03-03,38.16927719116211,39.040977478027344
2017-03-06,37.89971923828125,39.41263198852539
2017-03-07,37.72900390625,39.18600845336914
2017-03-08,37.72900390625,39.059112548828125
2017-03-09,37.76493835449219,39.040977478027344
2017-03-10,37.998558044433594,39.2313346862793
2017-03-13,38.098270416259766,39.077239990234375
2017-03-14,38.04388427734375,39.1950798034668
2017-03-15,38.17985534667969,38.986595153808594
2017-03-16,38.29768753051758,39.113494873046875
2017-03-17,38.098270416259766,39.176944732666016
2017-03-20,38.234230041503906,39.33104705810547
2017-03-21,38.5243034362793,39.26759338378906
2017-03-22,38.41553497314453,39.57578659057617
2017-03-23,38.22517013549805,39.60298156738281
2017-03-24,38.17985534667969,39.78426742553711
2017-03-27,38.36114501953125,39.4398193359375
2017-03-28,38.460853576660156,39.49420928955078
2017-03-29,38.4517822265625,39.58485412597656
2017-03-30,38.61494064331055,39.51233673095703
2017-03-31,38.46990966796875,39.63923645019531
2017-04-03,38.44272232055664,39.748016357421875
2017-04-04,38.68746566772461,39.82052993774414
2017-04-05,38.58775329589844,39.702693939208984
2017-04-06,38.678401947021484,39.7933349609375
2017-04-07,38.62401580810547,40.047142028808594
2017-04-10,38.696529388427734,40.23749923706055
2017-04-11,38.66933822631836,40.817626953125
2017-04-12,38.92313766479492,41.16208267211914
2017-04-13,38.787174224853516,41.14396286010742
2017-04-17,39.040977478027344,41.18021774291992
2017-04-18,39.41263198852539,41.21647644042969
2017-04-19,39.18600845336914,41.50653839111328
2017-04-20,39.059112548828125,41.5971794128418
2017-04-21,39.040977478027344,41.68782424926758
2017-04-24,39.2313346862793,41.67876052856445
2017-04-25,39.077239990234375,41.25272750854492
2017-04-26,39.1950798034668,40.90827941894531
2017-04-27,38.986595153808594,41.080501556396484
2017-04-28,39.113494873046875,41.08956527709961
2017-05-01,39.176944732666016,41.153541564941406
2017-05-02,39.33104705810547,41.40028762817383
2017-05-03,39.26759338378906,41.3546028137207
2017-05-04,39.57578659057617,41.4094352722168
2017-05-05,39.60298156738281,41.47341537475586
2017-05-08,39.78426742553711,41.68361282348633
2017-05-09,39.4398193359375,41.32719039916992
2017-05-10,39.49420928955078,41.190093994140625
2017-05-11,39.58485412597656,41.3546028137207
2017-05-12,39.51233673095703,41.519107818603516
2017-05-15,39.63923645019531,41.17182159423828
2017-05-16,39.748016357421875,41.4185791015625
2017-05-17,39.82052993774414,40.97076416015625
2017-05-18,39.702693939208984,40.98903274536133
2017-05-19,39.7933349609375,40.90678787231445
2017-05-22,40.047142028808594,40.96162033081055
2017-05-23,40.23749923706055,40.57777786254883
2017-05-24,40.817626953125,40.56863784790039
2017-05-25,41.16208267211914,40.55950164794922
2017-05-26,41.14396286010742,40.5138053894043
2017-05-30,41.18021774291992,40.67829895019531
2017-05-31,41.21647644042969,40.60519790649414
2017-06-01,41.50653839111328,40.83367156982422
2017-06-02,41.5971794128418,40.879371643066406
2017-06-05,41.68782424926758,40.82453155517578
2017-06-06,41.67876052856445,40.97076416015625
2017-06-07,41.25272750854492,40.96162033081055
2017-06-08,40.90827941894531,41.153541564941406
2017-06-09,41.080501556396484,40.97990036010742
2017-06-12,41.08956527709961,41.34546661376953
2017-06-13,41.153541564941406,41.80242156982422
2017-06-14,41.40028762817383,42.14970779418945
2017-06-15,41.3546028137207,42.049171447753906
2017-06-16,41.4094352722168,41.89381408691406
2017-06-19,41.47341537475586,41.76586151123047
2017-06-20,41.68361282348633,41.66533660888672
2017-06-21,41.32719039916992,41.738441467285156
2017-06-22,41.190093994140625,41.58308029174805
2017-06-23,41.3546028137207,41.71102523803711
2017-06-26,41.519107818603516,41.674476623535156
2017-06-27,41.17182159423828,41.66533660888672
2017-06-28,41.4185791015625,41.80242156982422
2017-06-29,40.97076416015625,41.66533660888672
2017-06-30,40.98903274536133,41.85725021362305
2017-07-03,40.90678787231445,42.21368408203125
2017-07-05,40.96162033081055,42.22282791137695
2017-07-06,40.57777786254883,41.91209411621094
2017-07-07,40.56863784790039,41.738441467285156
2017-07-10,40.55950164794922,41.74758529663086
2017-07-11,40.5138053894043,41.674476623535156
2017-07-12,40.67829895019531,41.61964416503906
2017-07-13,40.60519790649414,41.500823974609375
2017-07-14,40.83367156982422,41.64706039428711
2017-07-17,40.879371643066406,41.50996780395508
2017-07-18,40.82453155517578,41.53738784790039
2017-07-19,40.97076416015625,41.482547760009766
2017-07-20,40.96162033081055,41.62877655029297
2017-07-21,41.153541564941406,41.83897399902344
2017-07-24,40.97990036010742,41.9669189453125
2017-07-25,41.34546661376953,42.00349044799805
2017-07-26,41.80242156982422,42.295928955078125
2017-07-27,42.14970779418945,42.31421661376953
2017-07-28,42.049171447753906,42.5152702331543
2017-07-31,41.89381408691406,42.69805908203125
2017-08-01,41.76586151123047,42.835140228271484
2017-08-02,41.66533660888672,42.47588348388672
2017-08-03,41.738441467285156,42.54035949707031
2017-08-04,41.58308029174805,42.47588348388672
2017-08-07,41.71102523803711,42.35612487792969
2017-08-08,41.674476623535156,42.17189025878906
2017-08-09,41.66533660888672,41.821842193603516
2017-08-10,41.80242156982422,41.904747009277344
2017-08-11,41.66533660888672,42.08897399902344
2017-08-14,41.85725021362305,41.97843933105469
2017-08-15,42.21368408203125,41.121734619140625
2017-08-16,42.22282791137695,41.370460510253906
2017-08-17,41.91209411621094,41.46257781982422
2017-08-18,41.738441467285156,41.26912307739258
2017-08-21,41.74758529663086,41.62839126586914
2017-08-22,41.674476623535156,41.91395950317383
2017-08-23,41.61964416503906,41.93238067626953
2017-08-24,41.500823974609375,41.904747009277344
2017-08-25,41.64706039428711,41.83104705810547
2017-08-28,41.50996780395508,42.254791259765625
2017-08-29,41.53738784790039,42.466670989990234
2017-08-30,41.482547760009766,42.47588348388672
2017-08-31,41.62877655029297,42.54035949707031
2017-09-01,41.83897399902344,42.945682525634766
2017-09-05,41.9669189453125,42.85356521606445
2017-09-06,42.00349044799805,42.74302291870117
2017-09-07,42.295928955078125,42.91804885864258
2017-09-08,42.31421661376953,42.724605560302734
2017-09-11,42.5152702331543,42.66933059692383
2017-09-12,42.69805908203125,42.54035949707031
2017-09-13,42.835140228271484,42.42061233520508
2017-09-14,42.47588348388672,42.58641815185547
2017-09-15,42.54035949707031,42.43903350830078
2017-09-18,42.47588348388672,42.24559020996094
2017-09-19,42.35612487792969,42.35612487792969
2017-09-20,42.17189025878906,42.1903076171875
2017-09-21,41.821842193603516,42.26400375366211
2017-09-22,41.904747009277344,42.346920013427734
2017-09-25,42.08897399902344,41.88632583618164
2017-09-26,41.97843933105469,42.31928253173828
2017-09-27,41.121734619140625,42.54035949707031
2017-09-28,41.370460510253906,42.58641815185547
2017-09-29,41.46257781982422,42.87199401855469
2017-10-02,41.26912307739258,43.037811279296875
2017-10-03,41.62839126586914,43.69184875488281
2017-10-04,41.91395950317383,43.1207160949707
2017-10-05,41.93238067626953,42.88119888305664
2017-10-06,41.904747009277344,42.10740661621094
2017-10-09,41.83104705810547,41.87710952758789
2017-10-10,42.254791259765625,42.17189025878906
2017-10-11,42.466670989990234,42.2271614074707
2017-10-12,42.47588348388672,42.26400375366211
2017-10-13,42.54035949707031,42.282432556152344
2017-10-16,42.945682525634766,42.21794509887695
2017-10-17,42.85356521606445,41.91395950317383
2017-10-18,42.74302291870117,42.50835037231445
2017-10-19,42.91804885864258,42.694095611572266
2017-10-20,42.724605560302734,42.93556594848633
2017-10-23,42.66933059692383,42.96342086791992
2017-10-24,42.54035949707031,43.139892578125
2017-10-25,42.42061233520508,42.51763153076172
2017-10-26,42.58641815185547,42.08112716674805
2017-10-27,42.43903350830078,42.09970474243164
2017-10-30,42.24559020996094,42.06255340576172
2017-10-31,42.35612487792969,42.62908172607422
2017-11-01,42.1903076171875,42.74981689453125
2017-11-02,42.26400375366211,42.89841842651367
2017-11-03,42.346920013427734,42.65694808959961
2017-11-06,41.88632583618164,42.84269714355469
2017-11-07,42.31928253173828,42.7962532043457
2017-11-08,42.54035949707031,42.3504638671875
2017-11-09,42.58641815185547,42.34117889404297
2017-11-10,42.87199401855469,42.545501708984375
2017-11-13,43.037811279296875,42.65694808959961
2017-11-14,43.69184875488281,42.461917877197266
2017-11-15,43.1207160949707,42.610511779785156
2017-11-16,42.88119888305664,42.294742584228516
2017-11-17,42.10740661621094,42.20186233520508
2017-11-20,41.87710952758789,42.7962532043457
2017-11-21,42.17189025878906,42.78696823120117
2017-11-22,42.2271614074707,42.72195816040039
2017-11-24,42.26400375366211,42.93556594848633
2017-11-27,42.282432556152344,42.78696823120117
2017-11-28,42.21794509887695,42.75910949707031
2017-11-29,41.91395950317383,42.861270904541016
2017-11-30,42.50835037231445,43.21419143676758
2017-12-01,42.694095611572266,43.48352813720703
2017-12-04,42.93556594848633,43.53925704956055
2017-12-05,42.96342086791992,43.799293518066406
2017-12-06,43.139892578125,44.00361633300781
2017-12-07,42.51763153076172,44.06863021850586
2017-12-08,42.08112716674805,44.42155075073242
2017-12-11,42.09970474243164,44.43083572387695
2017-12-12,42.06255340576172,45.07166290283203
2017-12-13,42.62908172607422,44.300811767578125
2017-12-14,42.74981689453125,44.03147888183594
2017-12-15,42.89841842651367,44.19865798950195
2017-12-18,42.65694808959961,44.06863021850586
2017-12-19,42.84269714355469,43.39993667602539
2017-12-20,42.7962532043457,41.69105529785156
2017-12-21,42.3504638671875,41.486732482910156
2017-12-22,42.34117889404297,41.384578704833984
2017-12-26,42.545501708984375,40.02861404418945
2017-12-27,42.65694808959961,40.05648422241211
2017-12-28,42.461917877197266,40.83662033081055
2017-12-29,42.610511779785156,41.04093933105469
2018-01-02,42.294742584228516,40.95735549926758
2018-01-03,42.20186233520508,41.588897705078125
2018-01-04,42.7962532043457,41.77464294433594
2018-01-05,42.78696823120117,40.855194091796875
2018-01-08,42.72195816040039,40.25151443481445
2018-01-09,42.93556594848633,40.41868209838867
2018-01-10,42.78696823120117,40.90163040161133
2018-01-11,42.75910949707031,40.892337799072266
2018-01-12,42.861270904541016,40.51156234741211
2018-01-16,43.21419143676758,40.14006805419922
2018-01-17,43.48352813720703,40.335105895996094
2018-01-18,43.53925704956055,40.60443878173828
2018-01-19,43.799293518066406,40.7623176574707
2018-01-22,44.00361633300781,40.799468994140625
2018-01-23,44.06863021850586,40.69731140136719
2018-01-24,44.42155075073242,41.282413482666016
2018-01-25,44.43083572387695,41.62604904174805
2018-01-26,45.07166290283203,41.356712341308594
2018-01-29,44.300811767578125,41.39386749267578
2018-01-30,44.03147888183594,41.019081115722656
2018-01-31,44.19865798950195,40.9160270690918
2018-02-01,44.06863021850586,40.71927261352539
2018-02-02,43.39993667602539,40.53187561035156
2018-02-05,41.69105529785156,40.43819046020508
2018-02-06,41.486732482910156,40.28828048706055
2018-02-07,41.384578704833984,40.063411712646484
2018-02-08,40.02861404418945,39.66053009033203
2018-02-09,40.05648422241211,39.99782943725586
2018-02-12,40.83662033081055,40.185211181640625
2018-02-13,41.04093933105469,40.58810043334961
2018-02-14,40.95735549926758,40.691158294677734
2018-02-15,41.588897705078125,39.97908401489258
2018-02-16,41.77464294433594,40.64431381225586
2018-02-20,40.855194091796875,41.4500846862793
2018-02-21,40.25151443481445,41.59999084472656
2018-02-22,40.41868209838867,41.1502571105957
2018-02-23,40.90163040161133,41.06593322753906
2018-02-26,40.892337799072266,41.215843200683594
2018-02-27,40.51156234741211,41.215843200683594
2018-02-28,40.14006805419922,41.253318786621094
2018-03-01,40.335105895996094,41.70304870605469
2018-03-02,40.60443878173828,41.86233139038086
2018-03-05,40.7623176574707,42.049720764160156
2018-03-06,40.799468994140625,41.70304870605469
2018-03-07,40.69731140136719,41.51566696166992
2018-03-08,41.282413482666016,40.98160934448242
2018-03-09,41.62604904174805,41.206478118896484
2018-03-12,41.356712341308594,40.35386657714844
2018-03-13,41.39386749267578,39.75422668457031
2018-03-14,41.019081115722656,40.054039001464844
2018-03-15,40.9160270690918,40.57872772216797
2018-03-16,40.71927261352539,40.48503494262695
2018-03-19,40.53187561035156,39.90413284301758
2018-03-20,40.43819046020508,39.407554626464844
2018-03-21,40.28828048706055,39.24827575683594
2018-03-22,40.063411712646484,39.688636779785156
2018-03-23,39.66053009033203,39.48250961303711
2018-03-26,39.99782943725586,39.17332077026367
2018-03-27,40.185211181640625,39.14521789550781
2018-03-28,40.58810043334961,39.51998519897461
2018-03-29,40.691158294677734,39.48250961303711
2018-04-02,39.97908401489258,39.38882064819336
2018-04-03,40.64431381225586,39.08899688720703
2018-04-04,41.4500846862793,38.929718017578125
2018-04-05,41.59999084472656,39.63241958618164
2018-04-06,41.1502571105957,39.51998519897461
2018-04-09,41.06593322753906,39.73548889160156
2018-04-10,41.215843200683594,39.585575103759766
2018-04-11,41.215843200683594,39.726112365722656
2018-04-12,41.253318786621094,39.651161193847656
2018-04-13,41.70304870605469,39.726112365722656
2018-04-16,41.86233139038086,39.98845291137695
2018-04-17,42.049720764160156,40.41008377075195
2018-04-18,41.70304870605469,40.28828048706055
2018-04-19,41.51566696166992,40.40070724487305
2018-04-20,40.98160934448242,40.74738311767578
2018-04-23,41.206478118896484,40.39134216308594
2018-04-24,40.35386657714844,40.71927261352539
2018-04-25,39.75422668457031,40.70052719116211
2018-04-26,40.054039001464844,41.178367614746094
2018-04-27,40.57872772216797,41.347015380859375
2018-04-30,40.48503494262695,41.60935592651367
2018-05-01,39.90413284301758,41.393863677978516
2018-05-02,39.407554626464844,41.19535827636719
2018-05-03,39.24827575683594,41.70580291748047
2018-05-04,39.688636779785156,41.1669921875
2018-05-07,39.48250961303711,41.214256286621094
2018-05-08,39.17332077026367,40.89285659790039
2018-05-09,39.14521789550781,40.7321662902832
2018-05-10,39.51998519897461,40.8834114074707
2018-05-11,39.48250961303711,41.19535827636719
2018-05-14,39.38882064819336,40.95903778076172
2018-05-15,39.08899688720703,40.713260650634766
2018-05-16,38.929718017578125,41.091373443603516
2018-05-17,39.63241958618164,41.46003341674805
2018-05-18,39.51998519897461,41.356048583984375
2018-05-21,39.73548889160156,41.582916259765625
2018-05-22,39.585575103759766,42.21625900268555
2018-05-23,39.726112365722656,42.197349548339844
2018-05-24,39.651161193847656,41.97048568725586
2018-05-25,39.726112365722656,42.50929641723633
2018-05-29,39.98845291137695,42.33914566040039
2018-05-30,40.41008377075195,42.2257080078125
2018-05-31,40.28828048706055,42.29187774658203
2018-06-01,40.40070724487305,42.28242874145508
2018-06-04,40.74738311767578,42.77396774291992
2018-06-05,40.39134216308594,42.651084899902344
2018-06-06,40.71927261352539,42.641632080078125
2018-06-07,40.70052719116211,42.802330017089844
2018-06-08,41.178367614746094,42.49039077758789
2018-06-11,41.347015380859375,42.783424377441406
2018-06-12,41.60935592651367,43.5680046081543
2018-06-13,41.393863677978516,43.70980453491211
2018-06-14,41.19535827636719,43.68143844604492
2018-06-15,41.70580291748047,43.700340270996094
2018-06-18,41.1669921875,44.07845687866211
2018-06-19,41.214256286621094,43.851593017578125
2018-06-20,40.89285659790039,43.6530876159668
2018-06-21,40.7321662902832,44.069007873535156
2018-06-22,40.8834114074707,44.09736251831055
2018-06-25,41.19535827636719,43.95557403564453
2018-06-26,40.95903778076172,43.62472915649414
2018-06-27,40.713260650634766,43.81378173828125
2018-06-28,41.091373443603516,43.55855941772461
2018-06-29,41.46003341674805,43.32223892211914
2018-07-02,41.356048583984375,43.37895202636719
2018-07-03,41.582916259765625,43.55855941772461
2018-07-05,42.21625900268555,43.69089889526367
2018-07-06,42.197349548339844,44.05010223388672
2018-07-09,41.97048568725586,44.17298889160156
2018-07-10,42.50929641723633,43.69089889526367
2018-07-11,42.33914566040039,43.4167594909668
2018-07-12,42.2257080078125,43.19934844970703
2018-07-13,42.29187774658203,43.133182525634766
2018-07-16,42.28242874145508,43.18989562988281
2018-07-17,42.77396774291992,42.88740539550781
2018-07-18,42.651084899902344,42.84959411621094
2018-07-19,42.641632080078125,42.49039077758789
2018-07-20,42.802330017089844,42.13117980957031
2018-07-23,42.49039077758789,42.3107795715332
2018-07-24,42.783424377441406,42.8968620300293
2018-07-25,43.5680046081543,43.26552200317383
2018-07-26,43.70980453491211,43.218257904052734
2018-07-27,43.68143844604492,43.53965377807617
2018-07-30,43.700340270996094,43.50183868408203
2018-07-31,44.07845687866211,43.70980453491211
2018-08-01,43.851593017578125,43.69073486328125
2018-08-02,43.6530876159668,43.843265533447266
2018-08-03,44.069007873535156,44.157859802246094
2018-08-06,44.09736251831055,43.78606414794922
2018-08-07,43.95557403564453,43.814666748046875
2018-08-08,43.62472915649414,44.462921142578125
2018-08-09,43.81378173828125,44.40572738647461
2018-08-10,43.55855941772461,43.919532775878906
2018-08-13,43.32223892211914,43.54773712158203
2018-08-14,43.37895202636719,43.70979690551758
2018-08-15,43.55855941772461,43.86233139038086
2018-08-16,43.69089889526367,44.03392791748047
2018-08-17,44.05010223388672,44.072059631347656
2018-08-20,44.17298889160156,44.338993072509766
2018-08-21,43.69089889526367,43.72886276245117
2018-08-22,43.4167594909668,43.70979690551758
2018-08-23,43.19934844970703,43.73839569091797
2018-08-24,43.133182525634766,44.310394287109375
2018-08-27,43.18989562988281,44.22459411621094
2018-08-28,42.88740539550781,43.54773712158203
2018-08-29,42.84959411621094,42.55628204345703
2018-08-30,42.49039077758789,42.59440994262695
2018-08-31,42.13117980957031,42.81367874145508
2018-09-04,42.3107795715332,43.36660385131836
2018-09-05,42.8968620300293,43.719337463378906
2018-09-06,43.26552200317383,43.48099899291992
2018-09-07,43.218257904052734,44.16740036010742
2018-09-10,43.53965377807617,43.824195861816406
2018-09-11,43.50183868408203,44.19599151611328
2018-09-12,43.70980453491211,44.54872512817383
2018-09-13,43.69073486328125,44.338993072509766
2018-09-14,43.843265533447266,43.77653121948242
2018-09-17,44.157859802246094,44.29132080078125
2018-09-18,43.78606414794922,45.406715393066406
2018-09-19,43.814666748046875,45.645042419433594
2018-09-20,44.462921142578125,45.51157760620117
2018-09-21,44.40572738647461,45.759437561035156
2018-09-24,43.919532775878906,46.417232513427734
2018-09-25,43.54773712158203,46.81763458251953
2018-09-26,43.70979690551758,47.06549072265625
2018-09-27,43.86233139038086,47.02735900878906
2018-09-28,44.03392791748047,47.36102294921875
2018-10-01,44.072059631347656,47.54215621948242
2018-10-02,44.338993072509766,47.532623291015625
2018-10-03,43.72886276245117,47.437286376953125
2018-10-04,43.70979690551758,47.41822052001953
2018-10-05,43.73839569091797,47.828147888183594
2018-10-08,44.310394287109375,48.15227127075195
2018-10-09,44.22459411621094,47.07502365112305
2018-10-10,43.54773712158203,46.45536804199219
2018-10-11,42.55628204345703,46.73183059692383
2018-10-12,42.59440994262695,46.588829040527344
2018-10-15,42.81367874145508,47.06549072265625
2018-10-16,43.36660385131836,47.389617919921875
2018-10-17,43.719337463378906,47.062931060791016
2018-10-18,43.48099899291992,48.42735290527344
2018-10-19,44.16740036010742,47.745140075683594
2018-10-22,43.824195861816406,47.63945007324219
2018-10-23,44.19599151611328,47.44727325439453
2018-10-24,44.54872512817383,47.16862487792969
2018-10-25,44.338993072509766,47.3127555847168
2018-10-26,43.77653121948242,47.60101318359375
2018-10-29,44.29132080078125,47.29353713989258
2018-10-30,45.406715393066406,47.53375244140625
2018-10-31,45.645042419433594,47.408843994140625
2018-11-01,45.51157760620117,46.43837356567383
2018-11-02,45.759437561035156,46.42876052856445
2018-11-05,46.417232513427734,46.02519989013672
2018-11-06,46.81763458251953,45.67929458618164
2018-11-07,47.06549072265625,45.70811462402344
2018-11-08,47.02735900878906,44.1611328125
2018-11-09,47.36102294921875,45.1027717590332
2018-11-12,47.54215621948242,45.669681549072266
2018-11-13,47.532623291015625,45.352596282958984
2018-11-14,47.437286376953125,45.496726989746094
2018-11-15,47.41822052001953,45.09316635131836
2018-11-16,47.828147888183594,44.814517974853516
2018-11-19,48.15227127075195,45.70811462402344
2018-11-20,47.07502365112305,45.11238098144531
2018-11-21,46.45536804199219,45.62164306640625
2018-11-23,46.73183059692383,44.74726104736328
2018-11-26,46.588829040527344,45.22768783569336
2018-11-27,47.06549072265625,45.487117767333984
2018-11-28,47.389617919921875,45.30455780029297
2018-11-29,47.062931060791016,45.70811462402344
2018-11-30,48.42735290527344,45.08355712890625
2018-12-03,47.745140075683594,45.21807861328125
2018-12-04,47.63945007324219,45.746551513671875
2018-12-06,47.44727325439453,45.85224914550781
2018-12-07,47.16862487792969,46.38072204589844
2018-12-10,47.3127555847168,45.82341766357422
2018-12-11,47.60101318359375,45.51594543457031
2018-12-12,47.29353713989258,45.323768615722656
2018-12-13,47.53375244140625,45.544776916503906
2018-12-14,47.408843994140625,45.98677062988281
2018-12-17,46.43837356567383,46.24619674682617
2018-12-18,46.42876052856445,46.793888092041016
2018-12-19,46.02519989013672,47.32236099243164
2018-12-20,45.67929458618164,47.33197021484375
2018-12-21,45.70811462402344,47.33197021484375
2018-12-24,44.1611328125,47.4857063293457
2018-12-26,45.1027717590332,47.56257629394531
2018-12-27,45.669681549072266,47.668270111083984
2018-12-28,45.352596282958984,47.716312408447266
2018-12-31,45.496726989746094,47.841224670410156
2019-01-02,45.09316635131836,43.80561447143555
2019-01-03,44.814517974853516,43.46931838989258
2019-01-04,45.70811462402344,43.07535934448242
2019-01-07,45.11238098144531,43.33479309082031
2019-01-08,45.62164306640625,44.06504821777344
2019-01-09,44.74726104736328,43.50774383544922
2019-01-10,45.22768783569336,43.181053161621094
2019-01-11,45.487117767333984,42.94083786010742
2019-01-14,45.30455780029297,43.181053161621094
2019-01-15,45.70811462402344,43.565399169921875
2019-01-16,45.08355712890625,43.60383605957031
2019-01-17,45.21807861328125,43.8632698059082
2019-01-18,45.746551513671875,43.815223693847656
2019-01-22,45.85224914550781,43.67109298706055
2019-01-23,46.38072204589844,43.50774383544922
2019-01-24,45.82341766357422,43.08496856689453
2019-01-25,45.51594543457031,44.37251663208008
2019-01-28,45.323768615722656,44.24760818481445
2019-01-29,45.544776916503906,44.410953521728516
2019-01-30,45.98677062988281,44.294647216796875
2019-01-31,46.24619674682617,43.906944274902344
2019-02-01,46.793888092041016,44.0135612487793
2019-02-04,47.32236099243164,44.15895080566406
2019-02-05,47.33197021484375,44.12987518310547
2019-02-06,47.33197021484375,44.11048126220703
2019-02-07,47.4857063293457,44.51757049560547
2019-02-08,47.56257629394531,44.61449432373047
2019-02-11,47.668270111083984,45.20573806762695
2019-02-12,47.716312408447266,45.17666244506836
2019-02-13,47.841224670410156,45.147586822509766
2019-02-14,43.80561447143555,45.418975830078125
2019-02-15,43.46931838989258,45.28327941894531
2019-02-19,43.07535934448242,45.13789367675781
2019-02-20,43.33479309082031,44.75988006591797
2019-02-21,44.06504821777344,45.050655364990234
2019-02-22,43.50774383544922,45.04096603393555
2019-02-25,43.181053161621094,45.118507385253906
2019-02-26,42.94083786010742,45.23481750488281
2019-02-27,43.181053161621094,45.20573806762695
2019-02-28,43.565399169921875,45.273582458496094
2019-03-01,43.60383605957031,45.30266189575195
2019-03-04,43.8632698059082,45.55467224121094
2019-03-05,43.815223693847656,45.506202697753906
2019-03-06,43.67109298706055,45.826053619384766
2019-03-07,43.50774383544922,46.0199089050293
2019-03-08,43.08496856689453,45.9423713684082
2019-03-11,44.37251663208008,46.727455139160156
2019-03-12,44.24760818481445,46.5045280456543
2019-03-13,44.410953521728516,46.36883544921875
2019-03-14,44.294647216796875,46.77592086791992
2019-03-15,43.906944274902344,46.93099594116211
2019-03-18,44.0135612487793,47.55132293701172
2019-03-19,44.15895080566406,47.09577178955078
2019-03-20,44.12987518310547,46.901920318603516
2019-03-21,44.11048126220703,47.221778869628906
2019-03-22,44.51757049560547,46.979461669921875
2019-03-25,44.61449432373047,46.52391815185547
2019-03-26,45.20573806762695,46.37852478027344
2019-03-27,45.17666244506836,45.9423713684082
2019-03-28,45.147586822509766,46.708072662353516
2019-03-29,45.418975830078125,46.5723762512207
2019-04-01,45.28327941894531,47.19269561767578
2019-04-02,45.13789367675781,47.667625427246094
2019-04-03,44.75988006591797,48.05533218383789
2019-04-04,45.050655364990234,47.687015533447266
2019-04-05,45.04096603393555,47.347774505615234
2019-04-08,45.118507385253906,47.10546112060547
2019-04-09,45.23481750488281,48.12317657470703
2019-04-10,45.20573806762695,48.317020416259766
2019-04-11,45.273582458496094,48.08440399169922
2019-04-12,45.30266189575195,47.590087890625
2019-04-15,45.55467224121094,47.11515808105469
2019-04-16,45.506202697753906,47.7354736328125
2019-04-17,45.826053619384766,47.61916732788086
2019-04-18,46.0199089050293,48.44302749633789
2019-04-22,45.9423713684082,48.46240997314453
2019-04-23,46.727455139160156,49.21842956542969
2019-04-24,46.5045280456543,49.81936264038086
2019-04-25,46.36883544921875,49.90659713745117
2019-04-26,46.77592086791992,49.79997634887695
2019-04-29,46.93099594116211,49.75151443481445
2019-04-30,47.55132293701172,50.05198287963867
2019-05-01,47.09577178955078,49.94453048706055
2019-05-02,46.901920318603516,50.120357513427734
2019-05-03,47.221778869628906,49.690555572509766
2019-05-06,46.979461669921875,49.46588897705078
2019-05-07,46.52391815185547,49.934757232666016
2019-05-08,46.37852478027344,50.46223831176758
2019-05-09,45.9423713684082,50.35478973388672
2019-05-10,46.708072662353516,50.71621322631836
2019-05-13,46.5723762512207,50.55991744995117
2019-05-14,47.19269561767578,49.934757232666016
2019-05-15,47.667625427246094,49.89569091796875
2019-05-16,48.05533218383789,49.73939895629883
2019-05-17,47.687015533447266,50.40363311767578
2019-05-20,47.347774505615234,50.77482223510742
2019-05-21,47.10546112060547,50.89203643798828
2019-05-22,48.12317657470703,50.90180969238281
2019-05-23,48.317020416259766,50.79435729980469
2019-05-24,48.08440399169922,50.393863677978516
2019-05-28,47.590087890625,50.618534088134766
2019-05-29,47.11515808105469,50.833431243896484
2019-05-30,47.7354736328125,50.91157531738281
2019-05-31,47.61916732788086,50.92134475708008
2019-06-03,48.44302749633789,50.93111038208008
2019-06-04,48.46240997314453,50.970184326171875
2019-06-05,49.21842956542969,50.82366180419922
2019-06-06,49.81936264038086,50.19850158691406
2019-06-07,49.90659713745117,50.03244400024414
2019-06-10,49.79997634887695,53.07033920288086
2019-06-11,49.75151443481445,52.533084869384766
2019-06-12,50.05198287963867,51.83955001831055
2019-06-13,49.94453048706055,52.91404342651367
2019-06-14,50.120357513427734,52.73822021484375
2019-06-17,49.690555572509766,52.47447967529297
2019-06-18,49.46588897705078,51.409751892089844
2019-06-19,49.934757232666016,50.82366180419922
2019-06-20,50.46223831176758,51.11670684814453
2019-06-21,50.35478973388672,50.45247268676758
2019-06-24,50.71621322631836,51.05809783935547
2019-06-25,50.55991744995117,51.946998596191406
2019-06-26,49.934757232666016,52.44517517089844
2019-06-27,49.89569091796875,52.18143081665039
2019-06-28,49.73939895629883,51.96653747558594
2019-07-01,50.40363311767578,52.25958251953125
2019-07-02,50.77482223510742,51.76140594482422
2019-07-03,50.89203643798828,52.621002197265625
2019-07-05,50.90180969238281,53.14848327636719
2019-07-08,50.79435729980469,53.42198944091797
2019-07-09,50.393863677978516,52.63077163696289
2019-07-10,50.618534088134766,52.845664978027344
2019-07-11,50.833431243896484,53.226627349853516
2019-07-12,50.91157531738281,52.494014739990234
2019-07-15,50.92134475708008,53.27546691894531
2019-07-16,50.93111038208008,53.451290130615234
2019-07-17,50.970184326171875,53.832252502441406
2019-07-18,50.82366180419922,53.773643493652344
2019-07-19,50.19850158691406,53.76387405395508
2019-07-22,50.03244400024414,54.01784896850586
2019-07-23,53.07033920288086,54.47694778442383
2019-07-24,52.533084869384766,53.84202194213867
2019-07-25,51.83955001831055,53.94947052001953
2019-07-26,52.91404342651367,53.25593185424805
2019-07-29,52.73822021484375,53.13871765136719
2019-07-30,52.47447967529297,53.5001335144043
2019-07-31,51.409751892089844,53.832252502441406
2019-08-01,50.82366180419922,53.38947296142578
2019-08-02,51.11670684814453,53.09428405761719
2019-08-05,50.45247268676758,53.36979293823242
2019-08-06,51.05809783935547,53.35995101928711
2019-08-07,51.946998596191406,53.645301818847656
2019-08-08,52.44517517089844,53.04508590698242
2019-08-09,52.18143081665039,53.27139663696289
2019-08-12,51.96653747558594,53.4288330078125
2019-08-13,52.25958251953125,53.3009147644043
2019-08-14,51.76140594482422,53.51738357543945
2019-08-15,52.621002197265625,53.43867111206055
2019-08-16,53.14848327636719,53.566585540771484
2019-08-19,53.42198944091797,53.773216247558594
2019-08-20,52.63077163696289,52.2284049987793
2019-08-21,52.845664978027344,52.97621154785156
2019-08-22,53.226627349853516,53.664981842041016
2019-08-23,52.494014739990234,53.00572967529297
2019-08-26,53.27546691894531,52.72038650512695
2019-08-27,53.451290130615234,52.966373443603516
2019-08-28,53.832252502441406,52.79909896850586
2019-08-29,53.773643493652344,52.44487380981445
2019-08-30,53.76387405395508,52.44487380981445
2019-09-03,54.01784896850586,52.65150451660156
2019-09-04,54.47694778442383,52.63182830810547
2019-09-05,53.84202194213867,52.9270133972168
2019-09-06,53.94947052001953,53.90113067626953
2019-09-09,53.25593185424805,53.35995101928711
2019-09-10,53.13871765136719,52.98604965209961
2019-09-11,53.5001335144043,53.76337432861328
2019-09-12,53.832252502441406,53.733856201171875
2019-09-13,53.38947296142578,52.88765335083008
2019-09-16,53.09428405761719,52.710540771484375
2019-09-17,53.36979293823242,52.55310821533203
2019-09-18,53.35995101928711,53.07460403442383
2019-09-19,53.645301818847656,53.55674362182617
2019-09-20,53.04508590698242,53.035247802734375
2019-09-23,53.27139663696289,52.28744125366211
2019-09-24,53.4288330078125,51.5789909362793
2019-09-25,53.3009147644043,51.95289611816406
2019-09-26,53.51738357543945,51.45107650756836
2019-09-27,53.43867111206055,51.37236022949219
2019-09-30,53.566585540771484,51.008296966552734
2019-10-01,53.773216247558594,50.8803825378418
2019-10-02,52.2284049987793,51.56915283203125
2019-10-03,52.97621154785156,51.78562545776367
2019-10-04,53.664981842041016,51.82497787475586
2019-10-07,53.00572967529297,52.179203033447266
2019-10-08,52.72038650512695,52.2284049987793
2019-10-09,52.966373443603516,52.36615753173828
2019-10-10,52.79909896850586,52.110328674316406
2019-10-11,52.44487380981445,52.179203033447266
2019-10-14,52.44487380981445,52.36615753173828
2019-10-15,52.65150451660156,53.035247802734375
2019-10-16,52.63182830810547,53.08444595336914
2019-10-17,52.9270133972168,52.935752868652344
2019-10-18,53.90113067626953,53.28270721435547
2019-10-21,53.35995101928711,53.332271575927734
2019-10-22,52.98604965209961,53.81801223754883
2019-10-23,53.76337432861328,53.71887969970703
2019-10-24,53.733856201171875,53.94688034057617
2019-10-25,52.88765335083008,53.59992599487305
2019-10-28,52.710540771484375,53.30253219604492
2019-10-29,52.55310821533203,53.4809684753418
2019-10-30,53.07460403442383,53.669315338134766
2019-10-31,53.55674362182617,53.94688034057617
2019-11-01,53.035247802734375,53.94688034057617
2019-11-04,52.28744125366211,53.94688034057617
2019-11-05,51.5789909362793,53.441314697265625
2019-11-06,51.95289611816406,53.84775161743164
2019-11-07,51.45107650756836,54.492103576660156
2019-11-08,51.37236022949219,54.432621002197266
2019-11-11,51.008296966552734,54.23435974121094
2019-11-12,50.8803825378418,54.54166793823242
2019-11-13,51.56915283203125,54.868797302246094
2019-11-14,51.78562545776367,54.789493560791016
2019-11-15,51.82497787475586,54.868797302246094
2019-11-18,52.179203033447266,
2019-11-19,52.2284049987793,
2019-11-20,52.36615753173828,
2019-11-21,52.110328674316406,
2019-11-22,52.179203033447266,
2019-11-25,52.36615753173828,
2019-11-26,53.035247802734375,
2019-11-27,53.08444595336914,
2019-11-29,52.935752868652344,
2019-12-02,53.28270721435547,
2019-12-03,53.332271575927734,
2019-12-04,53.81801223754883,
2019-12-05,53.71887969970703,
2019-12-06,53.94688034057617,
2019-12-09,53.59992599487305,
2019-12-10,53.30253219604492,
2019-12-11,53.4809684753418,
2019-12-12,53.669315338134766,
2019-12-13,53.94688034057617,
2019-12-16,53.94688034057617,
2019-12-17,53.94688034057617,
2019-12-18,53.441314697265625,
2019-12-19,53.84775161743164,
2019-12-20,54.492103576660156,
2019-12-23,54.432621002197266,
2019-12-24,54.23435974121094,
2019-12-26,54.54166793823242,
2019-12-27,54.868797302246094,
2019-12-30,54.789493560791016,
2019-12-31,54.868797302246094,
